"","Name","Sequence"
"1",">HQ433692.1 ",">HQ433692.1 "
"2"," strain QLZP1 16S ribosomal RNA gene, partial sequence
AGCATGCAAGTCAAACGAGATGTAGCAATACATCTAGTGGCGAACGGGTGAGTAACGCGTGGATGATCTA
CCTATGAGATGGGGATAACTATTAGAAATAGTAGCTAATACCGAATAAGGTCAATTAATTTGTTAATTGA
TGAAAGGAAGCCTTTAAAGCTTCGCTTGTAGATGAGTCTGCGTCTTATTAGTTAGTTGGTAGGGTAAATG
CCTACCAAGGCGATGATAAGTAACCGGCCTGAGAGGGTGAACGGTCACACTGGAACTGAGACACGGTCCA
GACTCCTACGGGAGGCAGCAGCTAAGAATCTTCCGCAATGGGCGAAAGCCTGACGGAGCGACACTGCGTG
AATGAAGAAGGTCGAAAGATTGTAAAATTCTTTTATAAATGAGGAATAAGCTTTGTAGGAAATGACGAAG
TGATGACGTTAATTTATGAATAAGCCCCGGCTAATTACGTGCCAGCAGCCGCGGTAATACG

>HQ433694.1 "," strain QLZP1 16S ribosomal RNA gene, partial sequence
AGCATGCAAGTCAAACGAGATGTAGCAATACATCTAGTGGCGAACGGGTGAGTAACGCGTGGATGATCTA
CCTATGAGATGGGGATAACTATTAGAAATAGTAGCTAATACCGAATAAGGTCAATTAATTTGTTAATTGA
TGAAAGGAAGCCTTTAAAGCTTCGCTTGTAGATGAGTCTGCGTCTTATTAGTTAGTTGGTAGGGTAAATG
CCTACCAAGGCGATGATAAGTAACCGGCCTGAGAGGGTGAACGGTCACACTGGAACTGAGACACGGTCCA
GACTCCTACGGGAGGCAGCAGCTAAGAATCTTCCGCAATGGGCGAAAGCCTGACGGAGCGACACTGCGTG
AATGAAGAAGGTCGAAAGATTGTAAAATTCTTTTATAAATGAGGAATAAGCTTTGTAGGAAATGACGAAG
TGATGACGTTAATTTATGAATAAGCCCCGGCTAATTACGTGCCAGCAGCCGCGGTAATACG

>HQ433694.1 "
"3"," strain CS4 16S ribosomal RNA gene, partial sequence
AGCATGCAAGTCAAACGGGATGTAGCAATACATTCAGTGGCGAACGGGTGAGTAACGCGTGGATGATCTA
CCTATGAGATGGGGATAACTATTAGAAATAGTAGCTAATACCGAATAAGGTCAGTTAATTTGTTAATTGA
TGAAAGGAAGCCTTTAAAGCTTCGCTTGTAGATGAGTCTGCGTCTTATTAGCTAGTTGGTAGGGTAAATG
CCTACCAAGGCAATGATAAGTAACCGGCCTGAGAGGGTGAACGGTCACACTGGAACTGAGATACGGTCCA
GACTCCTACGGGAGGCAGCAGCTAAGAATCTTCCGCAATGGGCGAAAGCCTGACGGAGCGACACTGCGTG
AATGAAGAAGGTCGAAAGATTGTAAAATTCTTTTATAAATGAGGAATAAGCTTTGTAGGAAATGACAAAG
TGATGACGTTAATTTATGAATAAGCCCCGGCTAATTACGTGCCAGCAGCAGCGGTAATACG

>HQ433691.1 "," strain CS4 16S ribosomal RNA gene, partial sequence
AGCATGCAAGTCAAACGGGATGTAGCAATACATTCAGTGGCGAACGGGTGAGTAACGCGTGGATGATCTA
CCTATGAGATGGGGATAACTATTAGAAATAGTAGCTAATACCGAATAAGGTCAGTTAATTTGTTAATTGA
TGAAAGGAAGCCTTTAAAGCTTCGCTTGTAGATGAGTCTGCGTCTTATTAGCTAGTTGGTAGGGTAAATG
CCTACCAAGGCAATGATAAGTAACCGGCCTGAGAGGGTGAACGGTCACACTGGAACTGAGATACGGTCCA
GACTCCTACGGGAGGCAGCAGCTAAGAATCTTCCGCAATGGGCGAAAGCCTGACGGAGCGACACTGCGTG
AATGAAGAAGGTCGAAAGATTGTAAAATTCTTTTATAAATGAGGAATAAGCTTTGTAGGAAATGACAAAG
TGATGACGTTAATTTATGAATAAGCCCCGGCTAATTACGTGCCAGCAGCAGCGGTAATACG

>HQ433691.1 "
"4"," strain GL18 16S ribosomal RNA gene, partial sequence
AGCATGCAAGTCAAACGAGATGTAGTAATACATCTAGTGGCGAACGGGTGAGTAACGCGTGGATGATCTA
CCTATGAGATGGGGATAACTATTAGAAATAGTAGCTAATACCGAATAAGGTCAATTAATTTGTTAATTGA
TGAAAGGAAGCCTTTAAAGCTTCGCTTGTAGATGAGTCTGCGTCTTATTAGTTAGTTGGTAGGGTAAATG
CCTACCAAGGCGATGATAAGTAACCGGCCTGAGAGGGTGAACGGTCACACTGGAACTGAGACACGGTCCA
GACTCCTACGGGAGGCAGCAGCTAAGAATCTTCCGCAATGGGCGAAAGCCTGACGGAGCGACACTGCGTG
AATGAAGAAGGTCGAAAGATTGTAAAATTCTTTTATAAATGAGGAATAAGCTTTGTAGGAAATGACGAAG
TGATGACGTTAATTTATGAATAAGCCCCGGCTAATTACGTGCCAGCAGCCGCGGTAATACG

"," strain GL18 16S ribosomal RNA gene, partial sequence
AGCATGCAAGTCAAACGAGATGTAGTAATACATCTAGTGGCGAACGGGTGAGTAACGCGTGGATGATCTA
CCTATGAGATGGGGATAACTATTAGAAATAGTAGCTAATACCGAATAAGGTCAATTAATTTGTTAATTGA
TGAAAGGAAGCCTTTAAAGCTTCGCTTGTAGATGAGTCTGCGTCTTATTAGTTAGTTGGTAGGGTAAATG
CCTACCAAGGCGATGATAAGTAACCGGCCTGAGAGGGTGAACGGTCACACTGGAACTGAGACACGGTCCA
GACTCCTACGGGAGGCAGCAGCTAAGAATCTTCCGCAATGGGCGAAAGCCTGACGGAGCGACACTGCGTG
AATGAAGAAGGTCGAAAGATTGTAAAATTCTTTTATAAATGAGGAATAAGCTTTGTAGGAAATGACGAAG
TGATGACGTTAATTTATGAATAAGCCCCGGCTAATTACGTGCCAGCAGCCGCGGTAATACG

"
